Dist1,Dist2,Dist3,Dist4
0.31995665468275547,0.021416155621409416,1.6524434380290034,-0.2151168855222147
0.6936649845447391,2.496623163916803,1.1139932027361379,1.1141562237231548
0.13940598722547293,0.48890113877132535,2.1239924823247254,0.6464182605914028
0.8944747194182128,0.4552834534384445,3.8794698014400684,0.4734957793944251
0.34475202090106905,1.778890129094744,6.446033092399393,0.26273298342407686
0.1490569431334734,1.8936035650873426,8.492416255134984,-1.0997249818076031
0.01710130274295807,0.21718812866819687,4.385444649928711,0.31751881024009576
0.09277058113366365,2.922220110725213,3.325055814231578,-0.5721534907196146
0.26459963736124337,0.026351725006602197,5.250698513654888,2.063875189907115
5.7283323258161545e-5,0.6048247767612338,0.8294346536458405,-0.7522866242171242
0.31129074352793396,0.08857740396277876,2.4054911736525795,0.5499828711433827
0.4551218915730715,0.980495225596142,1.6327293044194986,1.3874230376834484
0.03014122205786407,0.048094114304424035,1.8777713907732205,-1.323067092977113
0.9906120547093451,0.881223449840608,1.930372225722024,-0.6062335176163742
0.6699947416782379,0.051738481037318707,7.684684381284824,-0.7264140695768552
0.5261710861232132,0.25333352806046605,1.8821846897309018,0.22850205026382142
0.9675660205539316,0.4838745747692883,3.934805387867004,-1.2473594949917648
0.005556843243539333,0.35130663748331625,2.4633399158845117,0.7646060386418599
0.42856536200270057,1.700288565745378,3.46288114883962,0.795733694590848
0.8285192409530282,0.25168062187731266,1.3180308645735426,-0.5530767770644728
0.7951425218489021,2.082306152083612,4.149404609134192,-1.3570350405450438
0.259554126765579,0.9798089976286737,1.808671979760592,0.3741489434621163
0.13573763170279562,0.6672005751170218,2.6033789492150228,0.027984094588027336
0.2282121677417308,0.847435968227705,2.913264747729694,0.3606737122862598
0.11959196696989238,1.0314938965764764,2.4046382143973815,-0.7413781057730039
0.14376728632487357,1.2334352377382043,4.312441196439869,0.0029563007722690606
0.3105031040031463,0.4322896674275398,1.9582318501833085,0.6229206656957217
0.17063161311671138,0.7237772055403243,8.541018126340843,1.5727858174625242
0.5996636741328984,0.13256287388503551,2.1551768648918945,0.47947171764126717
0.6677797979209572,1.6522915790879968,6.368656442049599,-0.6025133900359877
0.8308487953618169,1.9248834325696094,4.086073088852686,0.5840817684458652
0.4876103620044887,1.4657474172706753,7.25957901961514,1.7865504184208205
0.4773669440764934,0.5798755874857306,4.2414176679126445,0.10504784839065824
0.1305685737170279,1.1052174465310696,5.602785642845934,-0.9120083831672461
0.9840926381293684,0.14088369393721223,5.938770500802761,0.73945750795641
0.06773823709227145,1.8122754934334997,0.73147127001616985,0.48016077241227917
0.20063995011150837,0.1475897104280466,3.1387701392978244,-1.8738835103863396
0.7180698735173792,0.6610773517750204,1.4225163656030673,-1.133169632422601
0.979482215596363,1.7200933321470264,1.3045448956800725,-1.7777565282757188
0.8751013216096908,1.9070638473236803,2.8486439911459156,-0.17948598907353971
0.8552774228155613,0.5729751838371158,5.581383794645218,0.8273148311158284
0.03228614409454167,0.748709882567537,2.911434281568628,0.6459645851818114
0.37433797400444746,1.8204233347529415,2.249977473539257,1.3468597567027822
0.9273884936701506,0.10748591827093715,6.988205992506255,-1.7714321579173167
0.9549641171470284,1.0513723604236018,4.113477643724225,1.0337302239023722
0.44125418504700065,1.6037982273006681,1.6048556957794406,-0.5029582102571925
0.7270766037981957,1.8140727847269382,7.366087580401758,-0.5348268340885876
0.6763120768591762,0.6275486038066447,10.50194072024538,-0.4601615817987369
0.9506843606941402,1.556769262030365,1.0423342010112233,0.6975658339236296
0.14066706807352602,1.3029969266650465,4.324830123575112,1.2836526989400716
0.5861324165016413,1.8163140229040626,4.437194793124625,-0.291069556927031
0.5934421992860734,0.5602997546084225,3.037173355975345,0.42345823234274144
0.5545055861584842,0.8947656665771165,8.241923970091468,1.7103858799259268
0.7212531578261405,1.0392402000305179,2.8622742270036254,-1.7671971984845662
0.36160789453424513,2.3361597525558238,8.828698682101162,0.03676132301632936
0.23459984827786684,2.2734978849670653,2.266207514544372,-1.0240787884952607
0.632344061974436,0.96425729054482,1.8289372019750982,0.5458907686150848
0.19623893802054226,1.2725585111928108,6.346489841439293,-1.4898987041625147
0.814487770665437,3.235054842959691,5.245511577119729,-2.0223538593066714
0.3671778941061348,2.582328857727981,3.9955612915003917,-0.468437642111518
0.3056451859883964,0.41641619009897113,3.520550286831764,-0.9523615392455514
0.9693777558859438,0.2483581232870282,5.930434852303789,-0.9983104670728619
0.42937525478191674,0.6273374571464956,2.3469849299133476,0.960135336575178
0.6831321113277227,0.4071454216720692,2.250084970346572,-1.989537741772486
0.05622968333773315,2.3341437297544245,2.896256905322177,-0.819127999698742
0.6181197187397629,0.030383945690290817,1.2358487492982542,-0.3916417558935554
0.8773234409745783,0.2410690737888217,1.9678810222953147,-0.4580640198608028
0.6160737776663154,0.5354038067162037,3.505055927833606,-0.3697678462363402
0.41853372589685023,0.877163634910862,5.909481504543119,-0.955329030864195
0.038188397185876966,1.5109554453844074,2.8944027102602576,-1.2895426534307881
0.9335349665489048,1.75321747625056,3.2301330135321886,-0.035529758906207624
0.043123620795086026,0.82192239768683,6.720530879507141,0.8005143825528206
0.5710186432115734,0.2867998192086816,4.288511854438562,1.0537363639179713
0.8702528397552669,0.36125530023127794,6.067197186785126,0.10933816921025524
0.49455174477770925,0.27232060581445694,3.416715005978629,-1.0702430101581206
0.7078580306842923,0.5647684214636683,1.424417311417755,-0.42046908018567186
0.41170723689720035,0.5546744785971275,3.706488932292433,-0.4212037671485971
0.4179136329330504,0.13471369817852974,5.856937233309727,-0.3921938121817671
0.6235004893969744,0.1457723998464644,1.1992066253729299,-1.7951792588947548
0.8975795996375382,0.12489904230460525,6.867818494252426,-1.8890070362987796
0.5940833888016641,1.199944575275195,2.9016135898378477,0.9129078747255778
0.4934636007528752,0.39236756367608905,4.481766851757278,-0.1062225698270876
0.9774436298757792,2.17287456417892,5.3269018111651905,0.41316772280623876
0.5955676990561187,4.06747317851937,0.7403836206863894,0.8237637293484028
0.15262936055660248,0.31291416892781854,7.810788022829697,-0.42500169327121545
0.8964174024295062,0.0031576426699757576,7.437483049798573,0.45221121442002377
0.9346863809041679,1.2323716850531223,2.358111644049411,0.28149908311884836
0.33033297839574516,0.87429491089459,6.290442876926117,0.0996489839051493
0.37363715865649283,0.06076806648428769,8.114761603941947,-1.2027089261688706
0.7424011139664799,0.054955226058282694,1.237377899241407,-0.10672822908348306
0.9517013772856444,0.13459883796990404,4.075979611594924,-0.5047603697827655
0.6821239674463868,2.03513569190147,1.635434467372378,0.9230824903032787
0.9911031920928508,0.540767511818558,3.1627317963994557,0.1096263193629143
0.9089135003741831,1.3720800168392184,3.657966760576879,0.8105638349286985
0.1438666144385934,3.792327051772238,4.048480446853088,-0.37518509886262735
0.3493545816745609,0.007678091526031494,5.31926854708765,-0.05773441069805779
0.5786021377425641,0.12080970918759704,3.2266681342269172,-0.6829810569900355
0.793181084562093,0.049695591012890915,4.420325543498083,0.8974749014843029
0.1270122085697949,1.4109416871714835,0.7286345103174808,1.9494206002655354
0.3829214123543352,3.788041090382696,3.1919730231083117,-0.05850666055370384
0.6008950690738857,3.6814549619094143,4.076276881103501,1.4495897502053448
0.06768948817625642,0.6512345215305686,7.66029896018402,0.7775915092128599
0.8354512155056,0.4445513153400256,0.5301119043819605,-1.6065876701831179
0.9439158060122281,0.06835697250377852,2.1221016436974556,0.08698683421480712
0.6251792241819203,1.4444071311204714,1.4965293934139827,-0.7228594593115015
0.21013557654805481,4.194318226614946,2.495805442001943,-1.6892142041567815
0.4246019769925624,0.20152790984138846,1.5065594799945712,-0.31526525767345986
0.5764572231564671,4.17893987096429,5.482451007264757,1.1112487789155672
0.015784074319526553,0.41177820465471254,6.0311285238219154,0.21246002478050535
0.7928027962334454,0.9081342992884042,10.546112678696936,0.17298258816159778
0.07861049869097769,0.04362790985032916,3.993013318296545,-0.4882969631433678
0.524819056969136,1.1250790562060597,2.695453944129837,-2.1480356342296245
0.03662823000922799,1.9775449614131693,6.955956120406262,0.05916678690169696
0.7547173663042486,1.1604594103571895,11.052238262488679,2.3201103523919864
0.6497622178867459,0.9276205189105989,3.541008293835906,-0.7633656932659291
0.032458662521094084,0.3639888232573867,2.1481072790049134,0.45701297771831545
0.42527789156883955,0.36223920015618205,5.919396050857335,-0.8023150879205819
0.4342796690762043,0.5401092423126101,1.1562275861018012,-0.3727001664136534
0.7740860220510513,0.8550205258232476,4.048061453869333,-2.3583181520713916
0.024515460710972548,1.061726938891125,7.333018704939477,-1.4318095260104526
0.05364823364652693,1.4511663931513075,7.416388144446555,1.551428681306217
0.29045130778104067,1.1787888397973898,1.1693986581753941,-0.827241250020104
0.261735130334273,2.3867311254861963,3.1398314899416584,2.198607111009718
0.641712904907763,0.21846120385453105,1.5747602678185195,-0.6887117118722489
0.011225394671782851,0.03835422778502107,0.5437534942893362,0.6506045182882778
0.27433916716836393,0.7100591975938104,5.614130963497691,-1.072901642002614
0.8777989628724754,1.150571258696628,2.336294962710406,0.22363229664530831
0.8051820907276124,0.46072307508438826,2.3288554761936497,-1.766300515913813
0.45652364171110094,0.9958752631167576,2.41948452326217,1.539019843846873
0.887819163268432,0.12950865644961596,2.5475870834490486,-1.2421708577049042
0.8709158271085471,3.0810857390576603,1.0386744352514914,-0.3403311578258169
0.6828333931043744,5.680154665968515,4.196986081046396,0.16359925270180684
0.6013309706468135,0.9538970458832504,0.8540666051137887,-0.3824238336619219
0.7995264641940594,1.1934413918805244,4.791067059133133,0.48212056287799937
0.3749337496701628,2.8744748922573695,0.83770714907654,0.3387704297334122
0.9673912632279098,0.1008286047982839,5.08393219172486,-0.41291564138559705
0.4847657619975507,0.3984783850610256,3.7640236390747384,-0.2390372889285508
0.20497864461503923,2.374409614004827,13.44434391587401,1.008448942909683
0.6440176842734218,0.5711682713590562,9.734983175564864,0.24485041158398152
0.11630534916184843,0.4311766540631652,2.4586944451257797,-0.43194142774267036
0.3230800051242113,0.10679272336791978,3.4317565351959236,-0.21311333056672416
0.045252490788698196,1.6042740828448776,4.662034792887665,-0.636407418393367
0.5025139744393528,0.6138387592509389,4.324614964776333,0.428215956975624
0.6790911131538451,0.04787350283971941,4.122029168055162,-1.4445477473148098
0.47432611510157585,0.6495885569602251,5.001581926388893,-0.8376568561305285
0.13977877260185778,0.7312517230910184,4.419572751687796,-0.4135487875005349
0.9872646543662995,1.556207933290264,4.0820073625522015,0.1814197845563545
0.4983685193583369,1.5596587754560438,2.5113347375676196,0.5534629668572254
0.5287669459357858,1.0582785112363222,1.386741383400941,-1.17362776500514
0.3340810015797615,0.25445550633594394,0.8577331748976048,-1.8281581227585229
0.9161470958497375,1.4777404498821667,4.9355659016877516,-0.48933044941698106
0.9022477164398879,1.0079146701292057,6.780967452850755,1.1850895187837613
0.3794057844206691,3.0286430789340026,1.2905697102526472,-0.8660836861071796
0.5281946260947734,1.5456898882144932,4.174421311234596,0.21114863313748997
0.6851231788750738,0.3628178166501578,2.102929429096297,0.19241261974503907
0.7972321235574782,1.6916489116007332,7.697515536315002,1.026569952442735
0.48984193871729076,0.263855483128195,4.716477152014776,1.0821649774091657
0.3131361051928252,0.14726791996508837,3.477690581716584,0.16581885083179312
0.14918959653005004,1.3476180312734964,4.862220435646144,1.2778474471031782
0.20353460917249322,2.6866561825058226,3.629177540671499,-0.35420892794310904
0.6528701563365757,1.837852111002231,4.777641047472923,0.5985725570552609
0.8402087071444839,0.06294921273365617,4.157958967221374,0.6042426501298765
0.8386036097072065,0.5766981937922537,4.162819109302057,0.3890616977627168
0.22028187452815473,0.44970002630725503,2.402294579029304,0.7607259756649442
0.33176525332964957,1.5647745280617718,8.930465496565047,0.5736722587302964
0.9874855759553611,0.09825128820823993,3.062227944955971,0.3144499077184732
0.3545749590266496,0.39589970745146275,3.000371513211131,0.035390069156279874
0.9385057133622468,0.05053338082507253,6.394542527304499,0.517169480906528
0.5563675542362034,1.5442331451082472,3.0508474389864015,0.3193622858528417
0.22160443267785013,1.3632858702492836,2.81043712370941,-1.078588443025403
0.8472318612039089,0.5176605091450395,1.9237718270578308,0.5524330720237817
0.41962268692441285,0.8625627904710295,2.0312504160160083,0.7975551857242439
0.647521253908053,0.1584159890189767,1.04249315172502,-0.18095526975967527
0.5781816616654396,0.37930759393298075,0.7784862078808398,-0.04265819501919695
0.6335944833699614,0.4454287560656667,7.088829523109499,0.1904120612590967
0.3922249872703105,2.561124047138429,3.816081903714088,-0.19869455045883636
0.6982754864729941,2.863014342269463,5.601140370425127,0.04937182791255622
0.6288541515823454,2.8246651065153,6.748636816266977,-1.4328861347910964
0.21421988145448267,0.3678773707772614,0.3185475964726652,-0.9764271792669745
0.8652636534534395,1.074423692147148,7.017284054519319,0.3034545596211392
0.6975797414779663,0.33493320643901825,5.96530338151586,1.887988705218884
0.9558011798653752,0.440986012108624,4.3746220691326965,0.9215456747548829
0.1359073673374951,0.11640625557926168,3.444102830800228,0.31817119274033306
0.5784890383947641,1.292639180044544,1.007504864833437,-0.6225395223851401
0.49731187405996025,0.401512885466218,4.511511103622963,-1.6496981928672931
0.40254690404981375,0.41735217394307256,2.3500534473039334,1.1393905478901403
0.48634762526489794,0.6856188848614693,0.17341531525515574,0.5199975130270011
0.053910997696220875,0.09212130672803909,2.693073013416724,0.3171667592390402
0.2645771417301148,0.3745788801461458,3.5111245640002404,0.03715730319992226
0.8090311272535473,1.5620339213961605,2.49613873260196,0.04657182834455724
0.23185775079764426,0.504602680914104,1.3841884836516773,0.3680507527054618
0.8561300076544285,0.21025460983733316,3.41443953670196,1.2743493678711069
0.4137851463165134,0.708446574355376,4.179220131756525,-0.40016334314218976
0.9399773001205176,0.4955088649876416,1.2447459904849425,0.12383556384184805
0.178311099531129,0.2210207018069923,3.341668113219893,-1.1969688671465075
0.7052967906929553,3.9341672413652784,0.40582990690202253,0.2672592745134749
0.367948628263548,0.3074707741817907,12.304108458725093,0.39746828861205047
0.952351255575195,0.040477234782001076,5.864130791537096,0.9002984215801388
0.6679385513998568,1.2865113289606693,1.3081574747221967,0.8574287827873512
0.31340411212295294,0.5155844325199723,1.0009031857583575,-0.36876963389325756
0.7259873698931187,3.112367395131132,4.476673560075556,-0.7814339253800673
0.5117173660546541,1.2473839530301216,2.236559028222708,-1.9096184085179657
0.46729426947422326,0.2757143140770495,6.456706687215308,1.4891032395139054
0.5728031212929636,0.6282155467197299,2.0805018095464725,0.8195899100720393
0.17261573020368814,1.4779043198382007,2.7172855345578895,-0.6635756467320825
0.26546990126371384,0.47851650323718786,5.4132486256479515,1.7070553442903358
0.6209499221295118,0.7655131683910198,5.885159570665001,-0.5001249953973236
0.5804266857448965,0.37537134112790227,1.3877533389370165,1.0348228456600626
0.029539203038439155,0.34293053252622485,5.937140672723798,-0.5743117225302081
0.799813274294138,0.17697222856804729,3.7051163840569465,-0.6805421001196222
0.4515619131270796,0.7365074954413262,0.4710455590061047,-0.8462278791797888
0.8853954791557044,0.2205752390436828,2.5015412190522417,-1.2015998295664208
0.10755421267822385,0.27488910546526313,5.801616698404531,0.5723348315140607
0.536942832171917,0.9731694059026362,5.109728097758884,-0.5859075098931038
0.3560926355421543,0.36380054206133744,2.666226841324536,0.04456466166238827
0.727716765133664,0.8191006267023208,3.6472356154087358,-2.250287658954924
0.4482972570694983,1.3107588877481344,3.6832251467321404,0.7349751528262297
0.916751577751711,1.1949383448389295,4.504648769349956,-1.6584061794767209
0.4531462087761611,0.27924193488433957,1.1070040797167304,-1.9301799790893754
0.7978949677199125,2.1953259537598853,0.8071675698583781,-1.1657168946680794
0.5291582136414945,1.1651306732292672,3.238975341541808,1.3721978740393739
0.9411575209815055,0.0833389014332261,14.554063790898166,0.9787724980853909
0.9250493433792144,1.4741649380737103,1.8349650319555173,-0.7340404727773324
0.9497329816222191,0.9002955359918,3.321742868723002,1.4924277078456385
0.48333941237069666,1.2902403520000103,3.8095680744040847,1.2846181196877111
0.08552418276667595,0.2926184618845582,0.8183915756989281,-1.9618956995513224
0.08054676558822393,0.27092160983011127,8.55650162347503,-0.285917451735928
0.9268121768254787,0.024175680588155408,2.232759306952513,1.1132754260341446
0.1785847875289619,0.25105609372258186,4.365557200256961,-1.474121757626694
0.475781753892079,0.46641409769654274,9.231564157615093,0.3734765651527712
0.12552430294454098,4.1431299352780595,4.705190350960152,0.24852151676232878
0.3901787977665663,0.23705651388409799,3.497356057044449,0.03959594089861155
0.21005894267000258,0.768100312252928,3.5621187212437717,-1.1254821579503314
0.43131499481387436,0.8006625809692469,1.5184056198974198,2.4501814386487677
0.8388500160071999,0.8315215904378122,1.6578804861079273,-1.0307482255677909
0.8595053856261075,0.4461454538314287,2.9576029790542044,1.1568905469252433
0.36828203150071204,0.3611588594503701,4.308932479670162,-0.08378950795262664
0.6606282107532024,2.0821561563595594,4.028873234622451,-0.27768515605517985
0.5300201452337205,1.2479854812425497,4.859484238547001,1.384084800156199
0.35662884660996497,0.33412818890064955,3.918657795406846,-1.1061993952618834
0.2082319960463792,1.3547082133171084,2.258276611370711,-0.7848958065134082
0.4751889477483928,0.25935165861863213,3.5806383195825306,0.08433131880278688
0.20263697602786124,1.1373551125294372,6.184608529545336,-1.3219988953710242
0.33619669801555574,0.7334811981014583,3.2755490220490806,0.8670653389583913
0.2819185752887279,0.8771047833886864,5.213986516534317,0.09656255572232181
0.572304775705561,3.2721634505498893,6.190376734792517,-0.27788696620453973
0.43200601753778756,2.185477955829483,4.2501069900411474,-0.8186091680007964
0.7797406145837158,3.239609447136464,2.352726995921989,1.8240626030524625
0.5240142547991127,0.4663215845369551,5.041888560139893,-0.38297583267918467
0.24448216543532908,0.8523135641169669,5.1067059964051404,0.08819654819491596
0.8089229497127235,1.8198031968182171,9.461503093339052,-1.0840860488420598
0.13379761180840433,0.9624343793419124,3.1612934025189254,1.2075041489005216
0.12486342224292457,0.27125244913622737,0.9945368687371788,1.1295845874573451
0.9203218296170235,0.15634672649241138,0.2837615267898851,-0.1047319320594531
0.15372098400257528,0.2384324250742793,0.81673431732793,-0.6281450551366118
0.4535434343852103,0.3391191936098039,7.091955879374892,-0.5903739343140619
0.5692481067962945,0.2636974537745118,0.8715118851526749,0.5865090610390625
0.02732268674299121,1.480687663771559,8.240151771532766,-0.8451600307503162
0.8362149607855827,0.6785931512713432,2.845963354675526,2.0210873694827654
0.24871824402362108,1.9084009564572815,3.6598245374156626,-1.4837175880712143
0.5014925242867321,0.5192539184354246,6.8918612788209845,-0.949677872156209
0.553607668261975,0.5502229549016954,4.364473204070097,0.40302353575060534
0.7748353045899421,1.0610057916072133,6.821024959608551,1.378931208193092
0.5592772793024778,2.205553730823732,2.617254981407277,0.8417806487899102
0.1794176755938679,0.10188238261318876,0.5612804020030733,1.264835973722959
0.8651954808738083,0.0027089626528322697,1.0217209371463363,-1.8637962395614662
0.12078901124186814,0.39687022753059864,3.0700720398641654,0.5960775507189268
0.4926281585358083,0.421833161264658,6.280037581261707,-0.7936285540564884
0.39427242893725634,0.8189376554963114,1.9765799864383184,0.14964651434661222
0.9016081523150206,2.9285177692626454,7.568022129302916,0.14084823736513016
0.45089837070554495,0.551575681194663,0.5901905879149855,-1.2917288013659523
0.7745997661259025,0.6016922355629504,2.6348797973156173,1.160210284717974
0.3301707941573113,1.20664112451942,1.2589555203322114,0.9093335243780489
0.5794289673212916,0.590492645278573,4.140509544504594,-0.8281571330233563
0.22363971103914082,0.176312493160367,4.55973779334079,-1.0418767003429619
0.23296486749313772,0.1855167437113114,2.346194454878808,2.1229261211757073
0.250337551580742,3.493542238984557,4.335567683576612,-0.333439950008299
0.5976436901837587,0.49935667775571346,0.7427745390091897,-0.2592911551950036
0.8697914560325444,1.8391828331256155,1.0527595725587398,-0.9623144089047362
0.6420392231084406,0.5314813822074855,5.825217361638909,-2.538740484516376
0.719764684792608,0.5238859090022743,1.3316792859482147,-0.2915053772967198
0.7802253304980695,1.773711115037823,3.914210506846239,-0.17196390212500895
0.6846620829310268,0.8591752349910261,4.0783110420518405,-1.3082545438480357
0.8643150518182665,0.476134842261672,2.4116519200749984,2.608778079183431
0.013088111067190766,0.06921910122036934,3.7601239349592084,-0.4893537943558789
0.7820212042424828,0.32848799182102084,8.365687403009941,-1.3778361821292278
0.47353634727187455,0.5409801960922778,2.978858140115885,-0.34601289294776355
0.06167268636636436,0.661263451911509,2.063431790154932,0.06509677257414218
0.09053267445415258,1.3612920371395472,2.0316230499990873,-0.8684591159974562
0.6243404948618263,4.03293702544129,1.525532858403179,-0.4824455431173262
0.22219192911870778,0.5787971350364387,0.8465849752099098,0.47268404581573187
0.9230500992853194,1.1718602645722154,5.69759757734432,0.576067807190794
0.3339804692659527,0.1952116407242708,1.370288952789108,-0.25385631738242775
0.32323118788190186,1.8967092315757517,4.778984104749038,0.9122563672099084
0.35203132266178727,0.6463449536822736,8.090128363776685,-1.0922692825595577
0.27640702784992754,0.30376813281327486,6.02345904035377,-0.6291434594321688
0.2940402121748775,0.1959270763801314,1.4213784937680034,-0.05662267252425507
0.9510062588378787,0.08166333520784974,2.33980170451973,0.7050613328946522
0.1663571025710553,2.8127956388700492,2.5722225785393213,0.5222495263995921
0.1474261898547411,0.7129206396219255,0.7800038048213495,0.881431242508899
0.6137353149242699,0.31086205691099167,5.050608390871739,-0.8055152090919065
0.7764601765666157,0.2044847677461803,11.16927954925433,1.4661369125819592
0.8560452261008322,0.4876688616350293,7.733506073770372,-0.6097478403603571
0.04543453548103571,0.10037882020696998,6.302911302017764,0.5016325131428317
0.10549653135240078,0.5962619811020794,2.162345843758557,-0.3228470257525241
0.19900672184303403,0.056183626972018216,4.751774998475969,0.8975759770503126
0.5802444485016167,0.6033199755474925,3.6139972643063834,1.0045301615118247
0.8321466261986643,2.2732018536537835,2.6377840861002575,-0.874928115451126
0.5633444499690086,0.4692893731407821,5.809937166163174,-0.30629104784842764
0.9676159447990358,0.010826288722455502,8.154755108026057,0.4891004373542518
0.2763383546844125,1.7954869087610303,3.6827456570333426,-0.24365234197713204
0.9328839972149581,1.81417507483604,1.9329773263788759,-0.2572133622881805
0.773110686102882,0.8850667932582023,3.9209450495673677,-0.9238909119914683
0.09423721302300692,2.592671206094957,0.5816535592640835,-0.4803224585790388
0.5891584539785981,0.5649980182494423,0.4715263768064516,-0.8812268983373603
0.42659732047468424,1.8209394960755352,0.8021916447812405,-0.540526883429847
0.9918872609268874,0.9654774032179646,1.0917988367649274,-0.20450583333598102
0.9449182967655361,1.656048464832661,2.953927976450283,-0.6054290521154964
0.6816875245422125,0.3192941751331091,7.453067677697879,0.6149495540539381
0.39411033201031387,6.251111843656829,2.956267837165335,1.1270578868867251
0.24104213062673807,0.17617589687022356,6.0639348219971465,-1.5102005743612914
0.5319627004209906,3.4169482140052803,2.6753639590320377,-0.5744315825102331
0.7755950926803052,0.6101611056365073,6.549385583069627,0.3535132238471562
0.459585981676355,0.27856453135609627,2.75234462676932,0.5042929951123275
0.886777478735894,2.0553378145301586,4.121891840455168,0.14459878455035677
0.06798915541730821,0.616765876300633,2.2049494719397433,-0.9194028669919372
0.6624028463847935,1.0253808153373125,1.4209144641610187,-1.8787193175792967
0.9213851054664701,0.37704366305842996,1.1863287955320447,-1.289163404616582
0.046480499440804124,1.1208622203719738,10.173453665131257,-0.11233043667675674
0.8297339130658656,0.8774961819452168,1.1478039696574571,0.002026008361608252
0.48330921749584377,0.6274050851352513,5.074317465922002,-0.5000358874219242
0.047262013889849186,1.0398146016103151,4.8544162185225535,-1.1550140904264432
0.5096408752724528,1.271629849406791,2.135425306644413,-0.4433009456726071
0.2670894537586719,3.5100641867721367,9.057356684159185,0.9953109938742535
0.9604014127980918,1.6112180376569534,1.3518490225638373,-0.02365358075169618
0.011453850660473108,0.6397695834748447,7.943508421815729,-0.22600566999633778
0.9548859922215343,0.4450698005966842,2.095062638793106,-0.870783631710672
0.49794744281098247,2.509740343191362,7.750218738985858,0.06830720999505024
0.37070450675673783,1.1296963551401202,2.8344459491266165,-0.2915975664459376
0.12010319530963898,0.4637487968429923,3.1968825671370995,0.0288223625741652
0.728755391202867,3.7035876566306363,5.763045740443162,-0.7979040211078976
0.679957962827757,0.25799456518143415,3.641407841478509,0.8095717512374216
0.4656687725801021,0.5539134473886838,0.6256005373718629,0.8846351421157708
0.6891684965230525,0.4149678545072675,2.050952998331154,-0.4979776895362185
0.6787360282614827,0.5874064876697958,3.4664797301639556,-0.7734294722217552
0.5956149813719094,0.7480781107772807,0.5568522307390273,-0.17654455061822708
0.8880686315242201,0.5156152197159827,2.4402745893789,0.2276866906622294
0.010554607957601547,2.833378829358391,3.0972998968104886,0.5638450681418631
0.7092558506410569,0.6630215211771429,2.6711000189593466,-0.6154838854082472
0.832436359487474,1.7662742006683592,6.258339972929477,0.9328878359946364
0.6672044964507222,1.7622054069394115,3.751652384838426,-0.8027659278550648
0.5430766143836081,3.2659958822834976,4.611195891516607,1.8708721035211644
0.5467075202614069,5.193350102961493,2.300646006794483,1.6371803816768105
0.7716357929166406,1.7396483230769395,7.877214992983872,-0.47934479627119925
0.9979695323854685,0.5146893355995417,1.1946134445821557,-1.8475281067625935
0.35179894720204175,0.6969087551456653,3.6029331619570732,-3.1499364100000213
0.7794666595291346,0.1932900850661099,7.366180521641932,0.2979707590693035
0.8080804510973394,3.107260805727794,1.0626189601476428,-0.7462847744889033
0.6895773899741471,0.7592264581196597,1.205109975919389,1.5297727876894873
0.1063488672953099,1.4856818149888757,2.318221998964718,-0.17066423568972056
0.2594284452497959,0.13872653432190418,2.4343714898893296,1.5905505166058451
0.5522268412169069,0.5625678850337863,2.029842047349966,-0.8161808487479353
0.6483379353303462,0.3030891315511911,6.014514625983723,0.38937856675014165
0.4996028235182166,0.0508923651650548,1.174835581325243,0.8593592627922014
0.576468154322356,0.668050498701632,1.740826207408684,-0.41578971719163743
0.4623158148024231,1.1276040076789382,1.4812976557560589,-1.398672106923659
0.34133023279719055,3.8242561550021095,4.547514278447252,-0.20380203800092406
0.400230671511963,0.08562976960092783,7.905297408362529,0.7345176466435729
0.21956193423829973,0.09401699236064501,3.427080536361925,0.0590435517752187
0.9896181751973927,0.012603938579559326,1.509286657657405,0.6034637459172189
0.9433188876137137,0.7105398708233429,3.3055502727075683,0.5709543838467708
0.14232564065605402,2.265396608377244,0.5278736087168429,0.6770195397959604
0.20484500261954963,0.6601858725771308,5.263591059693433,0.024985841384948224
0.21203279308974743,1.0931697841313603,5.140534557189573,0.33129108531983364
0.1647307649254799,2.7356761599561934,1.4501099442637946,0.35136887465228617
0.23848388507030904,1.003251346717489,7.235747895429065,0.38295854832327597
0.035083283903077245,0.5473281564190984,5.455512625917567,-0.055371646859355944
0.7044164291583002,0.8334196071284182,6.450766652398733,-1.042506227446459
0.30202855286188424,4.147019615186812,6.248123923724001,-0.08558865008527299
0.24510084837675095,0.003320978954434395,1.9731023958225784,0.4334979163054276
0.08020527148619294,0.1033179160409104,0.2372321573048019,-0.6651135578730055
0.7394575828220695,1.3534786076796177,3.778750420208714,-0.45225150463182745
0.3326796991750598,0.28301791520789266,7.965205561118859,-0.31987802677526267
0.5212785338517278,0.6190720112062991,3.112408288530852,0.14468855031675598
0.3940646860282868,0.5377573031000793,1.9075081904847007,-0.4955233551891063
0.13224510848522186,1.3214942095381144,7.068863075560968,0.18228173657503416
0.18587588821537793,0.9796183825981738,1.1809552197118396,-1.9420910811855858
0.41499324003234506,1.7179489526057485,4.092161110126824,0.38588024129906917
0.2758400817401707,2.643619390078521,2.527379418511429,0.33984337144538773
0.5278943495359272,0.16902320290920259,8.792580099878366,-0.16999357584238542
0.23202374787069857,1.5481185409331564,2.646051053945372,1.009318836119014
0.6517546416725963,1.0828201127749804,2.433567547373348,1.0262974859386549
0.19282116647809744,1.1480991434779082,11.607333646656597,-0.8896175401681762
0.2699981089681387,0.43154040311000125,8.84136858883785,-0.5348869830846829
0.5201532139908522,0.21607219662278057,14.367192583819914,0.0063339570366733
0.061048349365592,0.610089048743248,3.661090844975759,0.14031153358676293
0.5665197272319347,3.113501893979283,13.178680223778187,-0.6145150549778629
0.5245869883801788,1.1402592500251654,6.884297243103553,-0.013189752302773083
0.586090014083311,0.6669307593256235,9.601136246459406,0.7506567376613278
0.028266507666558027,0.8510092835740051,5.857341078258926,0.5845239117197892
0.5823639365844429,0.29860344575718045,5.7265786161787124,0.9842692743976778
0.18589935009367764,0.1977086286060512,1.5173194914861776,-1.1812281034239294
0.4150643302127719,0.9304763823964718,2.5923810318506417,-0.26503309274387776
0.6056699403561652,0.10288277035579085,4.057116189020231,-0.3096214893183842
0.7810981851071119,0.18066911138628686,3.219528767149636,-0.6688496985081948
0.7787431629840285,1.344176066066039,4.178138121271765,1.128962749284068
0.8284993036650121,0.9124496103775622,2.49372301065553,0.9215341849866776
0.14916519541293383,0.1760479740104903,5.195802111252364,-0.7637820132314062
0.6136865387670696,1.0009190765720728,2.6348819892540454,0.05112581392831881
0.32238429971039295,1.1234145434153202,1.1335910048768905,-0.6267230439998172
0.04118761536665261,2.147301269569135,5.278537700582198,0.3375839167700863
0.03531688451766968,1.916811669161344,3.8560991189500555,0.4667253850697249
0.30930682364851236,1.3879376051459071,3.4815070084907664,0.37186415791686284
0.11830858304165304,0.015024826432484376,1.008497276964598,0.9056961008263503
0.10174548998475075,6.001105531714059,6.474651895509182,0.6602871897071904
0.06985974335111678,0.841573952225604,0.6141769406999555,0.14738095652517924
0.3404720954131335,0.131271403247644,2.1733650311246584,-0.27084698905565174
0.40987475495785475,4.533767867581321,4.210388044957008,-2.156185046934276
0.7819329551421106,2.2392219895529943,2.1360901392997125,0.4198418303510482
0.7000853549689054,0.2643444170244038,2.8197315219983525,0.6678087065748229
0.5006802487187088,0.31342671565043273,4.6895787596397005,0.3340669733209166
0.21955009759403765,0.3462335309749077,2.4234723175240647,-0.007666678256263911
0.00472433352842927,0.14302646461874247,4.663539027125217,0.16133255910952982
0.39172414573840797,0.02093000616878271,3.013943240362141,-1.1573064133166984
0.1866618962958455,0.0430615177559856,1.987727940386051,0.2579629193402114
0.38202426489442587,1.367933272342098,3.2733061503128207,-0.01925405944998389
0.261335943127051,0.551276434212923,13.998613814795412,1.5524503974392294
0.5455628144554794,0.7394529284372656,8.54479902952674,-0.3460177837122312
0.9374532436486334,1.3272417150017741,7.137106651490287,-0.8471888967622784
0.41186128417029977,0.265574149787426,2.242261144423452,0.12470217201888398
0.6181866636034101,0.5713746408040639,4.865117948558559,-2.0675337554411346
0.8535132664255798,2.1070687267615216,2.2108156362028337,0.649067645490653
0.35055992961861193,0.7419023457494499,1.365362612269393,0.5184615572180924
0.5177406829316169,0.1680356302723904,4.454819549244901,-0.7464887435317257
0.09537977864965796,1.2140406779524806,3.674063550812657,-0.07084863828886527
0.6844653715379536,0.8255360852506878,11.599573577103298,2.598719785534394
0.8002607172820717,0.13785430137068033,5.979453108323045,-0.308354446409297
0.6769081281963736,0.3782043131068349,2.9605110239074253,-0.49477623457660397
0.23548421799205244,1.6233667289096732,1.2963122160121454,0.5411517302357658
0.5071386331692338,1.9628807454461101,6.7030845249390385,-0.20999823416689323
0.6208854489959776,0.4439437142573297,0.736821417810122,1.168814825709607
0.5825779656879604,2.3194604458889727,3.771974419694138,0.2674806901735599
0.6762367596384138,1.1414772709411505,0.14653251835702016,0.5053178279011088
0.7603898379020393,1.0472350986254337,1.2974410465098831,-0.9816445171960225
0.29242396261543036,0.3942369553260505,3.3488147286885392,-2.097003424213247
0.4551561512053013,3.2277133239615448,1.5436491857017896,1.4837205050466868
0.42076334077864885,1.2533605806109431,2.1507421345839726,-2.616412076881457
0.777161656646058,1.8882144092673305,1.7465920587372725,-1.5816908254579514
0.34033403592184186,0.04065997200086713,5.797098062928726,1.4263265251203552
0.28731578099541366,1.5954381819578023,1.546202335471868,1.6264869856981286
0.22803068812936544,0.012172609450651269,2.748218641320973,-0.10914745096899313
0.22283499292097986,0.8897040988829853,1.1368504620347268,1.495224830872976
0.36491883266717196,3.0886724515069015,6.064230615768427,-0.2752572409918322
0.40448075206950307,3.7726505079101593,2.191672152292196,1.951076106781965
0.06327511626295745,3.3727626426327713,2.540098696616004,2.270386539831881
0.7514584443997592,0.5920211891643703,3.18236734085542,-0.3977953891398631
0.43461828446015716,0.2285654550116413,7.890631169127271,0.9041222652536098
0.04297385038807988,1.1602887948554876,3.6001838285929186,0.7845872766227185
0.6674251449294388,1.1182433990341547,5.825856220300195,0.31122840339931657
0.0032269665971398354,1.0935666648907223,4.544894962977128,-0.1486787236930136
0.693336819531396,0.29889565287157893,2.067524096692293,-1.6706336764504468
0.9135970899369568,0.11194652877748013,6.888654657099453,0.2642312200309399
0.7094719791784883,0.6915320660918951,8.858119193623008,-0.5321313190076147
0.4273488512262702,0.0815650182613227,2.8567905309328148,-0.7160782686528729
0.8072006318252534,0.3409901587292552,7.030351548118792,1.2444634170402349
0.002056699013337493,0.640122885350138,1.2551086967166962,0.22317025512506342
0.130055186804384,0.2533613685518503,1.0291308715413732,1.751145593778867
0.011076681083068252,1.8059637527072672,1.6631333260227195,-0.4166226652992431
0.22455539926886559,0.8959218961697938,1.6925235996361785,0.9209739983218117
0.3633996266871691,1.8078132713695392,3.00708339839343,-0.1678437327430726
0.711688474053517,0.4238501163199544,3.096304088455649,-0.5279495118611682
0.9214540561661124,1.0038506475461655,2.7461024225979647,-0.45844088789428344
0.02442059782333672,1.6300649195069317,8.784997630955397,-1.6855216563952833
0.003629236249253154,0.4059267779812217,3.688803710311919,-0.001111061324642563
0.6759756428655237,5.12416784622171,9.151642619094355,0.958340825896851
0.801768128760159,0.005251359194517136,2.7817529846692617,-1.0311886034162494
0.10505289142020047,0.04806894229940287,6.147924192372461,0.14892113546733668
0.017871076008304954,0.4043321485613919,4.76692871844141,-0.08891978721963702
0.7554220948368311,0.10292704496532679,4.736722908414301,0.626200487254086
0.05479885032400489,0.1058845198346338,5.462315149215025,-1.337319110447458
0.40329712140373886,0.026982654968377838,3.2279216014579704,0.6617790712553409
0.14460208755917847,0.4209389570920457,0.648688885473679,-0.08610343979031337
0.16526887915097177,0.32693031523376703,3.1932140277880343,-0.6146525097221115
0.9839810910634696,0.010104517677380648,4.680877948383664,-1.1087075853541075
0.7713340101763606,2.1769289260105373,0.8022057863482899,-0.30822084859231375
0.574563100701198,0.1466552191413939,1.8464343736632938,0.3773046811928915
0.22537906630896032,1.7832183329576934,2.2440407900824235,-0.9642930651323511
0.20328139932826161,0.1726354266217596,10.552012345391626,0.563157308282202
0.9410818174947053,1.0675995600921038,6.784484827630814,0.21286256141882878
0.11777268443256617,2.229885216576286,14.277523527823707,-0.02724636370987155
0.5255509843118489,0.16380371341440922,2.0782123119387244,-0.9532761495139404
0.3131769625470042,1.3418096489784244,3.530591742920952,0.07043555540250997
0.33432288048788905,1.501909967427874,2.3660861633083954,0.8993433928809376
0.44722097646445036,0.7029607725480219,2.6051674767552813,0.4479748480361205
0.35419813147746027,0.7239962441380066,2.360174700645147,1.0535179954074
0.6382872324902564,0.7602351381954672,1.6740892855402965,-0.2771122515378959
0.05133272404782474,0.26990902191028,2.7422927650488336,0.42566529247228624
0.4983159857802093,0.7560268237652317,8.209281162735932,0.12746746964298367
0.32212453009560704,0.9589547439989569,3.3360753953697295,-0.1533450180446082
0.8691438983660191,0.4426992782391608,10.174132833297419,-0.14822543465619462
0.8386484864167869,0.37161656003445387,2.7269705050772086,-1.4392973770394932
0.13683356042020023,0.6216835826635361,4.460112232247239,-0.23245337090730017
0.1799921989440918,0.33370952494442463,0.9316540678813073,0.30231110300481057
0.3349008336663246,0.6552741839550436,12.102234302020968,-1.0392616243910708
0.03800869989208877,3.368979647587586,4.842357922470443,0.2332342788855101
0.12715074163861573,0.6676261033862829,2.6877823047224196,0.5381913029480618
0.8938876511529088,1.4919437048961237,1.3923450155351749,-0.6621669283619956
0.5207792930305004,1.8846848084682468,3.185052524432991,0.9191182683400688
0.2779092544224113,0.8488941242473191,13.841550120991641,1.7275942567644216
0.1696082369890064,0.6704327864572406,4.2374072227558095,-0.02731152855219736
0.07752498518675566,0.13818735990302713,8.68461969306192,0.15774827463364652
0.8886808368843049,2.2430732290173845,1.638275782683674,0.35111519152989
0.11516260239295661,1.7548819015825037,7.45304731772652,-0.38721677729206955
0.5347426482476294,3.066038846801568,1.0070192709774524,-0.3799929140377975
0.2671946787741035,0.03679756660899305,1.6479951886501252,1.0834355877269368
0.49151742830872536,0.6129581350833178,3.1321240887407105,2.3689578034298426
0.8999683894217014,1.5110176465565208,2.3323027443012125,-0.6123504422982551
0.16912410943768919,0.8979562455684601,6.2600943121008354,-0.11969517255368445
0.5373331641312689,0.5074418024159968,0.43033119481502,-1.1165874413921941
0.7605145140551031,0.6081447149626911,3.59203952858782,-0.2646171854041712
0.0686433867085725,0.706787117714894,2.637627166833567,-1.3850868385039776
0.8372029222082347,0.45940481359139085,2.5466712071431625,-0.09088597769989273
0.6229892866685987,0.4114235476590693,1.9822712699787253,0.701973328875328
0.267613778822124,1.2202065586623672,2.2924413685840177,-1.222414218711423
0.3330453457310796,0.4888518122024834,1.9925955623202949,0.3334492499128815
0.7885325762908906,1.3738770922225836,3.2662973551015404,-0.42903624987975697
0.4555722330696881,0.897282197098148,3.408007891964068,0.7457000756269176
0.4325565295293927,3.808524688495756,0.30513430706231764,1.036837313309997
0.3947884875815362,1.3543243892070773,2.3788677016379816,-0.26900884551061516
0.789557971758768,0.7926989458081247,0.56866015207838,0.6557796009810426
0.1536486311815679,1.4464088271188964,2.3223437338429953,-1.3295623680818174
0.7520753203425556,1.432936433618689,1.4273930704195732,-0.8981730561877758
0.863467407412827,0.7234520520594837,0.8661206478826785,0.1569878945110541
0.20920727821066976,0.1898745563812554,0.43730366653649166,-0.7893228432181042
0.8894120396580547,0.24623769940808415,2.1344056700349943,0.7470036157889964
0.6139195223804563,0.5678333914838731,0.9674584384418494,-0.7084362735163429
0.5593116546515375,0.8099173623648407,8.495417670960897,0.5946680931312155
0.09314384241588414,0.3712568311020732,2.6661737461860735,0.9086773879210981
0.8861076312605292,1.4575424815657856,3.2550952380348064,-1.6343483044079492
0.9727549902163446,0.8477830811914923,2.279793445446462,-0.6783327518250168
0.0021273167803883553,0.9303254158747317,4.5070487682580715,1.2765367197527722
0.9088620753027499,0.3240206125192344,8.146037859880668,-0.9698068994748259
0.19940770859830081,0.2687657866626978,2.8880668507299454,-0.6351759195450969
0.46312062186188996,7.618109207180264,2.054433106984227,-0.3420690816502134
0.5125799186062068,2.1197473350861076,1.7002522031230405,-1.075754596017238
0.4536233264952898,0.1888431697152555,5.256830404802411,-0.630936593492093
0.37187292356975377,0.12366529507562518,2.5877457012745757,-1.7869739713944282
0.2674235801678151,0.10352354637490026,9.14874601902687,-1.7289056995121324
0.35808342206291854,0.649199825245887,1.823032160759365,0.3447612750659178
0.21562450239434838,0.20633293548598886,7.5265348674019945,-2.0146417726594525
0.21992190927267075,1.440979570066357,10.39996772587807,-0.5721554516645847
0.5108765284530818,0.8864050646823766,5.7014879471269895,0.9313045940159983
0.6193000976927578,0.6310498914681375,9.17456513595594,0.5559833667339794
0.7410298930481076,0.22694951699645707,7.847489072998825,-0.5906589142527947
0.011814257130026817,0.11335842730477452,1.1858233043526858,-1.3881390531474007
0.9157113234978169,0.4087659833021462,6.710844609964387,0.016317635150277586
0.6224306654185057,0.3776973375085538,1.4607113659166728,-0.06387988415901752
0.29699804726988077,0.4540181098387653,1.3005373628450934,0.7010591782962176
0.08453436475247145,0.05004508187994361,3.437481864980844,-0.07661962136246844
0.8374676564708352,2.521721033253408,5.91208959763125,1.2555694840660176
0.1951227083336562,0.8125144941312196,6.748691178897474,1.5562478313504877
0.7514049112796783,1.375484263482404,2.4602891547523376,0.5273462172077691
0.3703383069951087,1.121741042598389,1.7222206278772991,-0.26233456776350916
0.8386179055087268,1.6281037255281452,0.9610620564303307,-0.29633108250403606
0.6263140176888555,2.4499743113896613,6.711849151079731,-1.5687104131622738
0.2871218239888549,0.71787370803511,3.0241485203150096,1.7923402907637276
0.058100037509575486,0.3784930747933686,4.880806264185212,0.10143258679454102
0.9517726663034409,0.3018568195402622,4.574106932956422,1.5584914065847142
0.4170476063154638,1.0910990063107042,3.659064476277832,-1.139483777766179
0.7514836494810879,0.22469736728817225,4.7070052146003265,1.1439023460272595
0.8208442402537912,0.9069322747315344,16.793896581755224,0.6305788491001751
0.5826995114330202,1.5511142576642079,2.7740931389875425,0.18135444351477847
0.4555459206458181,3.172106332908917,2.4911393691145185,-0.9317050213480461
0.06013901554979384,3.226027570496846,5.1509392028852625,-0.5776469575661198
0.6007447941228747,0.4996120324358344,5.6492822055888015,-0.06319134424732294
0.898110585520044,2.0306294205689674,3.366028683918593,1.743864875522987
0.5176039827056229,2.5105409714064364,8.159952451604735,0.10970375202339822
0.23724435735493898,0.5208751401232291,4.665934104863796,1.4427299308537431
0.9596471411641687,0.5825246926397085,1.3202733030276255,0.32525734024829095
0.1667166305705905,4.068257769359709,11.180310408711652,1.5262411104929956
0.42375250393524766,0.7292384123009564,2.419345340946938,0.4567624832373776
0.5631642038933933,0.7440584034724458,3.257126067729686,-1.0151620484992958
0.09817462810315192,0.3853164934553206,0.7500754826252148,1.2178989108440743
0.3472879354376346,0.6928652040660381,2.1018138152094146,0.6124067984833995
0.4993431172333658,0.1300210445187986,3.5185501713925036,-1.9710722164804009
0.05523007269948721,2.2311080969623966,3.899435029781843,-2.5534781277545155
0.4261669914703816,0.9631712933805204,1.2385041882637708,1.5397677214814256
0.008036379469558597,0.6658670506440103,0.9567653041567737,-0.8549736636202165
0.05297337914817035,0.35194131731987,1.6649773491832076,1.24168736906138
0.8769782369490713,0.31462484024576914,8.462890629679537,-1.1026928017254836
0.45358311547897756,0.2277973768876908,2.9461368685049143,-0.34257521230900523
0.3642181579489261,0.6512922085821629,6.330643812631827,0.18239174687552318
0.5723803285509348,0.3143287560174234,3.166238472795254,2.1607110526955573
0.23360130563378334,0.2500035557895899,3.121731009033159,-1.077975088344369
0.46510565443895757,3.3604395834911354,3.807147872674897,0.17997892078266106
0.6600245127920061,1.6451466990133041,6.013945659889673,-0.057774825031786256
0.8544830069877207,0.2233340103718369,2.464755301618632,1.176920875763353
0.5290461899712682,4.099075188650252,2.9043980786483665,-0.7497313549746646
0.05158032360486686,1.108395840930653,1.8353943710848908,-1.3937056105365382
0.8396910291630775,0.3441550941206515,1.9213327952569839,0.3340586914004582
0.866439803969115,0.3708415949023418,3.7764879009870196,1.3125834866686465
0.8568423646502197,3.0528939290154464,1.8264006144612002,-0.39999326101076194
0.7011892918962985,1.3564653051597002,1.0689892582133396,-0.41041481211226155
0.5176959512755275,0.34214137866738026,4.261564083800426,0.6157156525148465
0.1579885056708008,1.2830840767872456,4.762957142820728,-0.5287938233505138
0.39311253977939487,3.0830440519559867,3.326003210944415,1.3232030706770774
0.7627751557156444,1.259248529518855,5.231724549496234,0.5680627207023882
0.607360742520541,2.105769129343963,2.672033795410712,0.37891642076288357
0.6242924048565328,0.40721942533982447,0.4671757340417815,0.1201220653630816
0.287755171302706,2.992663621734429,1.6767499929067882,-0.3266231173967093
0.02797983167693019,1.8809325936341528,0.2667660588555989,-0.619299935975553
0.1469011614099145,1.116736214565945,3.5740450617425297,-0.7706905268610289
0.376906500197947,2.1002937535426383,0.7095180534689967,-1.17605634653821
0.6227052200119942,3.840081844943596,2.9264824361969954,0.47205758421078065
0.9551097298972309,0.057608697751570785,4.803068516317087,0.3511982775345042
0.19992530182935297,1.8962002526128534,3.138119257985871,0.886283893566531
0.12451696954667568,0.2712606025572149,1.5440132032125036,-1.0329716792459762
0.5337640959769487,1.6948809325898675,5.647229818674867,0.45427738635918197
0.21862028306350112,0.955728100757298,2.605292911680784,0.1690897235780764
0.2649725419469178,0.9480644864541413,1.0497158647688891,-2.2003632063027516
0.9693145824130625,0.6618538228794932,3.9799695021467008,0.7428702960666113
0.5544685069471598,3.4344977362263687,1.603645610114376,0.12009864856408997
0.4891494498588145,1.522999597629333,9.567836621538955,-0.5987397568927793
0.4070241805166006,1.4260038897724503,1.546200950070428,2.619315433259667
0.05610653245821595,1.743054044971624,3.6028877395093817,-0.43220686988892876
0.18533537071198225,1.9942885077649597,2.0194187649681172,1.0311943335093428
0.9196063310373574,1.7768272086137775,2.1615572805962113,-0.006091941271197954
0.4758546764496714,0.8006195313808443,6.352021676133595,0.12630643511534506
0.6128423998598009,5.068537937183167,1.185442169123872,-1.0880183706098623
0.7414925054181367,1.215733672450197,5.4118715672749085,-0.26024220394090747
0.46897325455211103,1.256506516556156,1.3402737509446934,0.3066699595137522
0.5055252932943404,0.21784309221882547,3.258191179583915,-0.9285451676235275
0.9635483757592738,1.2975267050367716,8.283132836035826,0.6217647238147453
0.6233161145355552,0.12190987867619506,0.6071169187001496,-1.1476710967852957
0.9056201870553195,0.5361447348259389,7.863180214556066,-0.9929771218713954
0.7932163213845342,0.3245367470742092,4.114974404311768,0.38600079338751425
0.667588405078277,0.6683063148520887,7.210978736586122,-0.7530566545847489
0.036667529260739684,1.1649932218295458,16.97664945843593,0.02721346459480773
0.2308487966656685,0.5745407938957214,0.9343940159480764,-0.9881665914350328
0.601623063441366,2.3828722628435854,1.0981145745329628,0.02277882545706296
0.7430983895901591,0.05263466056262781,3.8691435908687706,-0.2965483202928096
0.842609380139038,0.08504458163092876,2.8440073546275966,0.5044384373874232
0.03745956649072468,0.6095448480919003,4.750369434147885,-1.3563888938887902
0.021413321839645505,0.2269301821582048,3.2687537152695825,-0.32026174487662906
0.7989370827563107,0.6938079026824074,5.614380811158558,-0.9611477017589863
0.7892384401056916,2.1091121805557282,2.2785297888626475,0.6756088252999582
0.28454924700781703,1.9662193319851402,1.3672768587633726,0.8103269511042243
0.04267618921585381,0.5695035606622696,2.7339064780008444,1.40624188608445
0.6057556162122637,1.545773925175691,4.753588529102895,-0.6153942276575055
0.03260514256544411,0.1410721424035728,0.811646074982646,0.7955102069672508
0.49041546136140823,0.6742792665027082,7.228578955058284,-1.6255456752752742
0.7775905441958457,1.9841712246740106,9.936014418352698,0.45308375575718746
0.2657613770570606,0.4671428254805505,5.84798582609086,-0.2630703026964385
0.7958431695587933,0.5166528187692165,5.683016773367665,-0.7041107339255985
0.05310558318160474,0.13670507346301744,5.056373029314336,0.6564790474651975
0.4938579681329429,0.44520131175529487,4.531308527765797,-1.0515588574295944
0.8881880361586809,1.710534920831943,0.763660069997785,-1.179170019503112
0.8572399443946779,0.028528272174298763,9.719680043154199,0.34017565849935777
0.4736787115689367,0.18687680223956704,2.8006981844179433,-1.0494843858584384
0.014899861998856068,0.0652301903286793,0.8883528673980248,-0.5238200910888908
0.21101321140304208,0.7966764038008572,0.31778886842828047,-0.48129402444867087
0.47510345885530114,0.0888191550038755,5.522527314111099,-0.029112999033052235
0.9048038548789918,1.3849870143038157,1.8987108621234958,0.1948940714200177
0.2110188624355942,2.2692722737596203,4.612105083629161,0.07945170150612672
0.665752345463261,0.6447991360910237,1.642068640638321,-0.903417785946513
0.8541994732804596,3.420266516338635,2.0801616418221656,2.1303500612850677
0.5467914796900004,1.06794522325964,4.632867891956542,1.1512604391952783
0.7133805125486106,0.3960029032657779,0.648594214693754,-1.3954131035101234
0.34819249296560884,3.417584411631871,6.252319492988093,-0.15743856542904494
0.4760242288466543,0.6757596242241561,1.9200977367382006,1.0147064934179315
0.38341174414381385,0.5964047494344413,1.9351153750769574,-0.6971411214552442
0.8425693765748292,1.1841931212273362,4.103347395094897,-1.8157255719660246
0.31447920110076666,3.4676822955606594,0.2972864396150628,-0.07459283616851331
0.5346854152157903,0.013003554485266147,2.4767055043887884,0.1366678629456005
0.4772806470282376,0.38735455740243196,1.91617414238637,0.19264630730416504
0.6412020127754658,0.9078178540590687,1.2298453892066616,0.045273924709973296
0.8744923716876656,1.6190805068246312,1.773844785602006,-0.6402766184696583
0.3538832701742649,1.1679574362513545,2.1948776294604775,0.3022125189317055
0.7281255251727998,0.15523276045008,1.1190750484503746,1.1140382421100468
0.8436264083720744,0.8650914085608842,9.454248132403015,0.5448683610381039
0.5264898468740284,0.15526012052519025,5.651762282165547,-0.7878332927880801
0.7837463836185634,1.8199965245181564,2.2606122244485034,0.04636207683493879
0.8813098254613578,0.04648834150318743,0.34497479676214154,1.2012538666605836
0.007023294689133763,0.7099549116363777,5.791537868422763,-0.22919075754517962
0.9556339103728533,0.15411779897949154,2.6442148883591825,-1.3677108503991888
0.5619617917109281,2.6469652707359557,2.58358375956036,1.0477463509999216
0.678023052867502,1.8402015305215362,1.9639767541462496,1.0711412628632226
0.8655971547123045,0.9787733265709998,3.614252280815158,1.8442206574817912
0.11921287630684674,2.256339622557504,3.869584663065252,-1.5918215295595983
0.9822092303074896,0.19159980677068233,6.01975500474069,-0.16360897840439692
0.6479284032247961,0.901786317075503,3.704840341394665,1.2293372575096755
0.2955296882428229,0.1087767461573622,4.215069886635436,-1.701652829870446
0.542794254841283,0.0813454994931817,1.8989057898599453,0.7039792751973081
0.3094980320893228,0.6915248460136354,8.469586955472167,-0.16583197668099184
0.09646599018014967,1.6669118422174696,6.306110931260645,0.489030273162364
0.8666722667403519,0.5945162009447813,11.547174626853323,-0.45141048575125803
0.014731632312759757,0.5562991760671139,3.84847181104671,-0.443143749479838
0.5507123230490834,0.1505985851912411,1.4280160047371804,0.40553046790929526
0.7556840919423848,0.5101273795589805,4.35949149567281,-1.6770814590161836
0.7192106861621141,1.0318932812600452,0.5718155100465941,1.0456613242474155
0.02204469288699329,0.558232709299773,3.1913668842101552,-0.32985605403987545
0.08925225771963596,1.14366613696785,3.042096045924099,1.4555925391721563
0.5290685018990189,2.359148604669309,5.992840698610738,-0.4658253480151956
0.6503922634292394,0.18405813242206148,3.2176841736773705,-0.5727183058996121
0.22457880596630275,1.4437586431792486,4.865214531366982,0.36223289413320714
0.703469471540302,2.7468904162428145,1.173872495066458,0.41915657748279017
0.6438392796553671,0.36882056575268507,1.6126759805582596,-1.0854250656218187
0.7715430890675634,0.8008977667939784,3.6036606577387396,-1.4209222108474286
0.9220606035087258,0.015799853349311874,0.34535294411437584,-0.6283521024961567
0.41293523251079023,0.03660934837535024,3.2865412552920232,-0.7469612605501916
0.5582793061621487,0.14926097637276659,6.196720692884644,-0.3162145669456226
0.9579368240665644,0.7170150409963848,0.8837349402111824,-1.4173029586054677
0.33746891049668193,1.3428214471367124,0.989386971937351,-0.9368378305860242
0.6741552024614066,0.20980908535420895,2.389614579892418,0.7860993500953485
0.939541656523943,0.014647525232009333,3.8211824681796633,-0.43593482476565404
0.48572663124650717,3.755814110650183,7.63972919837024,0.5080849197984947
0.9057035818696022,1.2619468655269719,2.612758102870846,1.000822322651423
0.1579816893208772,0.6211044383235276,9.485313668975861,-1.2327100583558288
0.10553978569805622,0.9839227962818863,2.802385042720906,-0.9979171154462456
0.25403756252489984,0.3085849266499281,5.377599545143054,0.1172700401619013
0.41977154999040067,0.062410987738495884,2.348714864683703,1.7045619687110865
0.461380158085376,0.07724637817591429,4.234107195085376,0.07696074276243742
0.1623854727949947,0.1547823315486312,3.531171837203389,-0.50483927781729665
0.5606402340345085,1.3130889953625324,14.382568465823553,0.28430209363405384
0.714770704973489,0.33502585559197157,3.6003265772120345,-1.0237862067727441
0.9675731582101434,0.37339358124881983,3.295290708448038,2.755035430433695
0.6750883860513568,0.09795273993990886,1.4537676546589364,0.5364833699439064
0.40117841749452055,6.56081245615523,2.557992621950655,2.5090997580153314
0.8753820338752121,1.4569438359791282,3.180888476723578,-0.04560064659856445
0.06635367288254201,0.24151756195351481,0.9265739475546487,-0.4203696688660097
0.1716322109568864,0.1523941684732087,3.8125596995276596,1.2314899661737806
0.5804195704404265,0.4533544899895787,0.1614062483101986,0.335153805902664
0.30564635596238077,1.288181060883117,2.8045198464750425,-0.1434922717099006
0.4577490019146353,0.0938732015546534,6.568398676693257,0.8129427939688031
0.9719665227457881,1.3008831739005569,2.968095551384803,0.14833226018837364
0.718711007386446,0.15726695954799652,4.154473092322721,0.6896638768742309
0.03374994918704033,0.430427252066486,1.9169581959227149,1.5991640516834367
0.3686791663058102,1.719713304041984,1.851371674504784,-0.2537446439902078
0.9984363694675267,0.43400729187925635,2.141021293257417,0.6336481620781684
0.0013003954663872719,1.0352419204762577,2.550991817874913,-1.68673380902958
0.13312712940387428,0.5096694622188807,1.7333703759314425,-1.325649172192642
0.5653521323110908,0.7864867792976024,5.116170737465022,-0.09553138202253568
0.7837782860733569,0.8735920050692679,7.6720907981883295,0.7359978753866578
0.9367528716102242,0.18312986847013235,0.30279346428786147,-1.5949587043544686
0.5257286506239325,0.38148970855399966,3.5084718349143196,9.112201051294979e-4
0.830288756173104,1.012036019894195,2.073233211977344,1.181908467642066
0.4964588221628219,0.09167035900681476,1.5302633473023755,-0.17332638513435075
0.2553600021637976,0.12260267091915011,3.59230773774149,0.4017238001711653
0.4176539371255785,0.8571171238598349,3.3355090118387003,-0.6984817679654082
0.6518480808008462,1.3565803011459234,7.411908174161051,-1.5456024063601708
0.9798031039535999,0.9798618716855361,4.35046386409951,-0.1709734660822737
0.3972937345970422,0.99532723660981,5.246269707525602,-1.5835742657505931
0.2789319269359112,0.1292167870359879,3.2094303851691324,1.3788137325555005
0.7543483234476298,1.8788339755589012,4.274068155747921,-0.7118739838909135
0.057217756286263466,1.355855573858035,8.684461078043672,1.6928957833610896
0.4001338838133961,0.39730797507210736,2.9441005064407992,0.2524123191360685
0.9239079388789833,0.2833922472782433,0.8848458447427675,1.7431408746685273
0.7607542325276881,0.570395587477833,6.643986387522474,-0.5343854758416248
0.9105210350826383,0.14182731875153579,1.2870847107091916,1.1236722837716675
0.7717148170340806,0.0531635619699955,1.152342212365523,0.2141572916066139
0.3870502070058137,2.8479054253888254,1.8937099955101977,-0.6947543444624145
0.8756353100761771,1.143011345486057,3.3467933754328567,0.14217763470870395
0.1470658048056066,2.200173238166309,3.0747768265644773,0.45732924900149574
0.4953771729487926,0.5465817372314632,1.0235498578966646,1.1003793471752055
0.11788543919101357,0.1255695791915059,1.6781316487967404,-0.4524535576523542
0.919786537764594,0.14143535999908388,0.8260711792572103,1.165998578147911
0.6962977983057499,0.6837753895670176,4.627092400382712,-0.2113670249134862
0.9408323233947158,3.9814516657725583,0.3887899748066966,0.6985878555294613
0.37590745533816516,1.0469351280955297,0.38944846278611206,-0.41574943443955276
0.5618044713046402,0.16665813978761435,6.982415494697551,-1.0393173000644813
0.26940959435887635,0.0254770047031343,1.491875169957362,1.49595388044938
0.40425365092232823,1.1414792695593956,5.18832396240445,-0.5447060479241295
0.4921331307850778,0.4732377086766064,1.5624069898250248,2.221859059556523
0.22201407863758504,0.7761000804183008,4.566140289815018,-0.6666020422380315
0.209681146312505,1.11607958837868,5.890493421003006,0.25764832383472147
0.788053059251979,0.025483771227300167,0.6861816852410257,0.6415003656434715
0.5184787653852254,0.3278864612802863,2.243045628110586,-0.45643180290981894
0.5319238663651049,1.8208536050568283,2.3137825979873488,1.2304388424548351
0.1337021824438125,0.6565292868763208,6.286090166170691,1.7784925524795647
0.44706552289426327,0.6569846710190177,1.6878581178411594,1.9092500855625048
0.8829816873185337,1.021702722604287,4.5553755595834655,-0.8847983957526179
0.2886543804779649,1.2287341095087054,3.3479146979099883,0.3584173906615737
0.2649542863946408,1.0168152255517366,2.3456543180951765,1.2991050265317292
0.06675038416869938,0.5552734233251645,0.2158084173636399,-0.548832773522495
0.4215459702536464,1.3868941123688463,2.0820721568367193,0.4227645971083323
0.45801377738825977,0.6632862342521548,2.229006147148388,1.279305756497458
0.9126363832037896,2.0652482024485117,5.6714176238763745,1.0369787246041122
0.99211425636895,0.8413268476304533,4.93773087453801,-0.3715949560706619
0.3036612286232412,1.756897788410807,1.2166319877942182,0.5116796137969694
0.2450541160069406,0.010747687891125679,3.4465102064179507,0.16262366765064415
0.7124146681744605,0.26202681427821517,4.828742447004164,-0.7270233377106685
0.39222008478827775,0.30483723493875814,8.131965184369266,-0.3600320226758831
0.2198364317882806,1.0519202336139402,1.355926287535548,0.16561499154643827
0.2873521784786135,1.3528080274862173,8.330000579862473,-0.48056932041659534
0.9059692078735679,2.2713629794099446,7.21705441669364,0.1481919912880658
0.9206607700325549,0.3548239627853036,6.422523714445232,-0.08426554460036388
0.5173243340104818,0.5193840335123241,0.9616728399706657,0.9301608376178995
0.3523829330224544,1.6653989498013333,1.593591759329755,-0.4428274535256281
0.4080603199545294,0.5027867928147316,7.410036915823737,0.043998586182585245
0.5181315254885703,1.2383590889674547,4.618153404435394,-0.38780510142805336
0.013957611517980695,0.2300727562668015,2.6726985016142786,0.24750991705200306
2.5785621255636215e-4,0.22193418024107814,3.2417068036180696,-1.079509818670673
0.15921872132457793,0.6976369632047559,3.469772150297757,0.43874927035909667
0.48191925836727023,0.19305103598162532,10.617149858832194,0.1773290130721239
0.17977690766565502,2.1691210309388365,0.5872675438376994,0.6113829755697415
0.1557559638749808,0.3514930261299014,2.9384274023523185,-0.4353436766326183
0.4186439383774996,0.6151771517470479,0.7603608848144389,-0.158501361227728
0.24387565138749778,0.2397333329533744,3.560605201128145,-0.2657283142600072
0.21981198410503566,2.4657744773746613,4.161427084621459,1.3689690552054736
0.20854947832413018,3.489609187518209,2.337190695465849,0.5248548289349291
0.5812657300848514,0.5951824910007417,5.031501334421108,0.1651075110148241
0.3206158699467778,0.6518719298765063,2.6980979042088395,-0.1683163604609181
0.5872381383087486,1.688998101356615,1.0137281667420694,-1.9463049157504146
0.4606991845648736,1.585017634471679,1.5451066067512769,0.8208925694949682
0.565930905751884,2.533903712280727,3.3053090464579324,-0.4437126846298622
0.08156893379054964,0.10231280656620459,4.211657204562581,-0.3405690713606508
0.4904060682747513,2.8755960239279754,1.7071389291039818,1.3277078501194581
0.09518473595380783,0.1645918944121301,6.858452681181525,0.5384076879358091
0.31390000716783106,2.006770808165694,6.223572260408474,0.7795698441079105
0.10602831863798201,1.1061680307191732,1.458720177723227,-1.4973700039060116
0.7378552383743227,0.1325474325567484,0.5194227881872429,1.022349818519098
0.2764497250318527,4.824960935608817,3.026813668483902,0.6213011085604562
0.8603357286192477,0.28793688397854567,2.0818864643360593,-0.7738049195558062
0.13074846845120192,2.202097493996102,5.3450080462466785,-0.8522136211216667
0.712411091895774,2.483632536478973,5.382172330751195,-1.7833369856311125
0.411173919448629,0.3683635792694986,1.0970584377327464,-0.22780046232724765
0.23135641077533364,0.8716286981069374,6.64563452439708,-0.29742708899200665
0.5038862689398229,0.09134267130866647,6.139529131831541,-2.5174173712682255
0.111537178279832,0.9918166748812696,0.8984399471718002,-1.1418210900883246
0.8096170963253826,0.1653340426273644,2.9213459332350786,0.43190914780719963
0.21817071363329887,0.14780296156581854,1.7821847592588946,-1.4677119045565967
0.9845461503136903,0.04701279802247882,0.8361160918210588,0.10315811907963066
0.5097189284861088,0.3231312013231218,0.8507183002889815,-0.5514593655577906
0.3845123564824462,0.12548958199935514,1.226201968680649,-0.6237194861973546
0.22874408354982734,0.10593210346996784,4.929404894937814,-0.180160777470733
0.2930894426535815,0.2809825800359249,1.5399678658202214,-1.0736320171396905
0.8501351771410555,1.356846691067231,3.4598420346553502,-0.48302335982699074
0.7164054273162037,0.6375520466826856,1.412571946772143,0.03413997262154467
0.08674298482947052,4.329355030746713,7.115239344127349,1.5189867387065505
0.3453177004121244,2.649536879607177,2.0087752086883675,0.9498583316295927
0.34408466052263975,0.8321776948449137,8.683540169324377,-0.3291326269249573
0.7085492997430265,0.03586445800297143,3.2246146191243086,-0.22756255127344469
0.7489826253149658,0.27274188166484237,1.303141638761302,0.2902038948036161
0.6842494974844158,0.1043895967169396,1.3165464947415102,2.4147549989890265
0.02814355189912021,1.1943268049088243,8.818129698502322,-0.19379033341032614
0.574903384083882,0.6355032990686595,1.2154231525793051,-1.3185927565751667
0.04821024229750037,1.5729431632017092,3.2637230163209416,2.4775005447818694
0.6139453793875873,2.636219816156364,2.518019977178647,0.07825958495791502
0.33633358543738723,0.08027542242780328,1.6821248456444602,-2.296234593627871
0.4339004356879741,0.5212494274419432,0.7139723901342293,-2.8035074589398645
0.819334227591753,0.40895203640684485,4.624289832335611,-0.5352312309508535
0.786240465240553,0.861138893249345,13.940763075873516,-0.48067476830962896
0.4449785470496863,0.20914732743083816,1.7689426812073157,-0.31692967302791025
0.9058598889969289,0.4564903089776635,2.081969050662144,-1.1369993294907923
0.18595347623340786,1.3188522420403483,4.474174387860131,1.5210621515800113
0.8322071419097483,0.4845603368526137,1.129597103979282,-0.2879017727056285
0.24643678846769035,0.8337827522029208,3.690525304490655,0.015272190904466538
0.4812784611713141,0.9411236038011433,6.8832429847377385,0.7336968643095789
0.19720897427760065,0.4251170919360674,2.8618273645122247,-1.3488047664350533
0.6779350587166846,2.3619526716551547,1.081549654307735,0.4471779568716055
0.9157134802080691,0.4935803315602243,0.569346061534579,-0.4658143649629678
0.5183758232742548,0.6840648856014013,5.978208913213296,-1.1239524152715157
0.3039307764265686,2.027629455467487,11.228877417215203,1.0430286652510157
0.39720742078498006,0.2902130465954542,9.126775819348993,0.4872448509149224
0.06611075042746961,0.32543140510097146,1.6355113524682157,0.278624109611056
0.8937198966741562,4.159501570956183,7.387435662398631,-1.2840037549580865
0.31027013063430786,2.762526070573068,0.6166264963229211,0.11661449338103469
0.8280543047003448,0.04517624666914344,4.83702597437684,0.7960233149860891
0.13511183322407305,0.9288868755191333,2.976803709319566,1.2637363908720116
0.11083190119825304,0.6895539192482829,3.152147857991852,-0.14273683100538276
0.26442724256776273,0.09781743725761771,1.265629063057503,0.1269222168463785
0.4252099678851664,4.562657046811057,2.1379457650951474,0.08415725334470264
0.7379113240167499,1.9781848247254137,5.2001693826841455,-0.5544482427721453
0.7307551188860089,0.17267012735828757,4.151789792542476,0.8249004280189474
0.04721220885403454,2.0587371493780857,4.300596514255784,-0.6386616082035717
0.4302090215496719,0.5259513035416603,9.405231711686001,0.6122357608633141
0.3845044921617955,1.5794565585348925,2.4787367896739583,-1.3040331809887076
0.33436093386262655,0.017695700206436082,11.917323803530243,-0.43651924320025787
0.7598398006521165,0.9892452396032335,3.5544823584948224,0.7044736976327457
0.9405060082208365,1.1102255470630649,0.47594853630967915,0.47027487847208516
0.7692652677651495,3.7412155473366986,9.068804998796647,-1.2936288166151362
0.8112294122111052,0.7815661729607417,3.404690013371917,-0.4717782649275759
0.9621232992503792,2.059364268472219,3.1731886428465628,1.6300255420438354
0.12582013802602887,0.03655375633388758,0.7054146766579783,-1.0427854152925566
0.1337502405513078,1.3980229529214296,1.8694103100094492,-0.3539433883694803
0.37366927322000265,0.6190520469099283,7.495231006757353,-0.01094297846932631
0.5709242045413703,1.7226625531071666,2.9626132500666484,0.003041017121644118
0.6647017300128937,0.11120614239889798,4.49873961536495,-1.1661400243721471
0.17811650247313082,0.46674237167462707,1.6272986879004623,0.04490038616268649
0.6431589424610138,1.287269027861667,2.5612615699146817,-1.1839296841515954
0.748151607811451,0.43734000949189067,2.099004817156332,-0.6814213380392754
0.40014369250275195,1.7630137036645654,2.168580772638568,-1.8462091943809096
0.7701921290718019,2.390257673212028,3.466497527054149,-0.3687403714882651
0.565166835905984,0.16459935531020164,2.331592243319225,1.3345388292023357
0.5060593620873988,2.1793803180238966,1.8965593544018282,-1.7628250739622642
0.980647929944098,1.3768990290862444,3.565005822502081,0.8474311138539792
0.5424702458549291,1.2961453850892308,3.68944073496431,0.7805989093589188
0.05743749160319567,0.11428707225644048,1.22351436926159,1.506794570119095
0.17419736832380295,1.3078007585880282,4.157974563793792,-0.6527578870266987
0.9280853802338243,0.43371567176654935,1.9224913829892059,-1.0587042061095486
0.0032679762225598097,0.15322565931495158,6.698177070028518,-1.9188147307794003
0.9939811585936695,1.1247302395802858,5.660324966707401,-0.8002760436547317
0.40852715633809566,1.898189194416428,8.082588930421279,-0.51490945245925
0.6918779374100268,3.8413687325931702,8.281008631846143,-0.5778363863129974
0.524966950295493,0.3568736230954528,3.1519104611377973,1.9198977106065414
0.22281303023919463,2.4338729547939066,1.562784652200333,1.6002014748330877
0.5936039523221552,0.5213754749856889,2.6634074051150294,-0.5514263645247574
0.008421330247074366,3.286700345407773,3.403071670230148,1.9529663522815346
0.04562632879242301,0.9014893946749093,3.1603009966332767,-0.7116406981405728
0.9308631175663322,0.8088176721534679,4.98469177192322,1.42515348609488
0.003914185333997011,0.3154545254074037,2.0354199613280852,0.9517339791776859
0.5327110022772104,0.37090975898253964,2.3742444631510753,-0.48438416073349844
0.12302819732576609,0.31709930301689415,1.3294476339164703,-1.0784897437906669
0.8707490735687315,5.403830514926697,4.679004567645694,0.01372192405599762
0.692778195720166,5.496445404071594,9.672067584667785,1.242578414258701
0.034426073310896754,1.1207901816395047,5.87708968745348,-0.8865936575763358
0.02487415191717446,2.4565247761688,2.865461063574829,0.6348919656114936
0.8883441493380815,1.2233135518488054,6.694669665812115,0.939539149400335
0.5088037101086229,1.0759894046512368,8.686985509689258,0.9907626574279412
0.5672518739011139,0.8640515794557454,2.0610566211355263,0.36435555042393986
0.5808060865383595,0.5201988965272903,1.7107595541186784,1.1208640745041847
0.8830812121741474,2.627202188470102,6.589093806181285,-1.8921431405026046
0.7145703816786408,1.4595418544141199,4.396813521446714,0.2556395558178764
0.009133203187957406,0.7651702110792732,5.980788833055544,1.2474681428443704
0.22946164500899613,1.5334925220701383,2.723493777715781,-1.2484233785521741
0.886991417966783,2.0443544088953978,5.3703833885334396,-0.6841270891437785
0.5227896301075816,0.7944220085071082,1.8061604804757285,-0.8193828870424494
0.7488954779691994,0.38028159737586975,1.5063860579288506,-0.8151545263628123
0.9178886762820184,0.07645256022096437,4.138316050463054,0.10572747743858876
0.45898447115905583,1.9428493249321226,1.4992863472691493,1.814197670994167
0.10397082613781095,0.12037598434835672,8.845396000790291,-0.915378764642537
0.38015589979477227,0.6526244389824569,5.1754684641627575,-0.23146255797351237
0.7388873505406082,0.055299712662857436,6.856602131023326,0.21681835454406462
0.5194114362820983,0.3830205867998302,1.636189036081705,1.685898415070427
0.7110277758911252,1.1863827937793854,5.9337488451730955,0.9050444868443845
0.11985504836775362,0.5457225917970057,3.745580753984569,1.398889850003346
0.9741198653355241,0.08948815610226382,4.154285776939704,-0.05593860582458095
0.014058060711249709,4.340551513926459,10.926429014037952,0.5198013688723822
0.38766775256954134,0.8770729754108642,4.712790703000163,-1.2406801159592407
0.16869783424772322,1.7688074427747968,1.4607300526885831,-0.24804015683020872
0.02245187247171998,0.23728633548096922,4.648008258572067,1.9781364634227108
0.24947997624985874,1.4037041365260128,3.1793367779535937,-0.2851472239047145
0.8510907706804574,0.6615251209586859,3.439783770523267,0.35087742004067785
0.6918690847232938,0.11132603566435385,5.6954668169655855,0.39568377791471493
0.2911133330781013,0.5768237435258925,6.149764678301977,0.040819228029263514
0.5839156482834369,1.946579453114981,3.512445657099721,0.3925401459714122
0.6339580898638815,3.435795903037835,5.5115516883574465,0.4743109432898172
0.05336715606972575,0.9169238997412114,2.0257484940086754,-0.36110156607382443
0.5035714854020625,1.6789879071617368,1.6168375174617735,1.1877485667791199
0.7390909874811769,2.261447267480827,4.691262358639326,1.382104983358074
0.22607188392430544,1.3078646696683887,6.964740504489626,1.1251888884841645
0.35041014035232365,0.905067070054654,1.8823682504621628,-1.8614039051987972
0.8702291410882026,3.5638338530198346,5.272431610601599,0.45014123247747434
0.6218721705954522,0.3224331449148946,6.396453617680842,-1.364688787783911
0.0447197740431875,1.630535414438555,0.5463630421751567,-0.8251351028409072
0.39906693855300546,0.6262561092153192,2.104058708762583,0.33177185660773734
0.9615684084128588,0.5873734471388161,4.831276790411757,-0.9415206186141306
0.555167113430798,0.7765429373410465,2.8441225448348395,0.4458187698798936
0.9153031669557095,0.9567491495561721,2.853131880590806,0.4773701537898022
0.0026099388487637043,0.9758179764774563,6.046286466206792,-0.8313684489481131
0.7189995010849088,3.038209691475678,2.556448373579623,-0.2506043946157399
0.36015089647844434,0.6609762087464333,2.1647266468651627,-0.2487666410401778
0.1339685940183699,0.4936189535073936,4.999787707809332,-1.0163767021763375
0.8127900219988078,0.9860871670352118,6.8746181036759175,-1.625624433224442
0.4482870807405561,1.1591976973739389,3.033954364914972,-1.6904583894651815
0.9574472547974437,0.5004223911091685,1.2860042136857914,0.28173453745514854
0.22577382507734,0.7461672294464828,3.9480731489622434,-0.37484936237866145
0.685437100706622,0.1978932535275817,2.893654716276222,-0.699048738534282
0.4298794222995639,2.0323411020541435,1.9147262007971886,0.41051254011558047
0.2831871302332729,1.9953766892755274,2.925927677730063,0.9547491259122929
0.6687597830314189,1.8651834315711502,0.8438851579961957,1.2102191077348858
0.722710071830079,0.49891297426074743,0.32928784720366344,0.22279813011639013
0.050275070359930396,0.41939313896000385,2.8924759433226477,-0.4650788155943515
0.2699042570311576,0.3934284495189786,0.6569853192893553,-0.18843688611595974
0.8539328069891781,3.0974755061972625,8.79021703245763,0.9938317781606315
0.08842582255601883,2.7242290208718543,1.3532560352340817,0.4223426610380972
0.9384166251402348,0.1449005845538739,1.071128484053383,-0.5897569864874784
0.44403504324145615,0.9546788901634817,3.3274885470503555,-1.4478137531112008
0.4061042449902743,0.7625451813963177,6.420965030281388,-0.18421798930154654
0.6899727273266762,2.6732306770975502,3.0210796947303575,-0.03170279414115879
0.33114183251746,4.142635127319457,2.9940227763420664,-0.03285403295698211
0.28845185320824385,1.8214263449514154,3.144680978175853,-0.4022888660321522
0.2607513293623924,0.47650608513504267,2.035851599361888,-1.529650563435771
0.7069353060796857,3.306477725337792,2.2229348913936673,-0.6240713794457985
0.11489959852769971,0.11024424992501736,9.309393115931458,3.5262462724178123
0.3672580821439624,0.28798966435715556,4.677119583158141,-0.8139335897287355
0.726492105750367,1.8309952001178507,2.8193136141841384,0.7710851432464535
0.29134872020222247,0.9556897477758052,8.234071559919249,-0.06868736529568766
0.15618720068596303,0.07759960228577256,9.328493243300775,0.20890951374792682
0.3569440166465938,0.09971777210012078,5.887886577870898,-0.3395681429156829
0.6149038397707045,0.08984363324830026,3.005799209351559,-1.8161522118726172
0.1884970422834158,0.9300922385950448,5.9843791345649215,0.8766115780241757
0.40048287925310433,0.41104314709082246,2.872112124377666,-0.6812007803573353
0.6449265922419727,0.04277066979557276,2.5705815942646533,-0.029231576945339073
0.7176130267325789,0.7544147538473992,3.015567403700093,0.30581661649432107
0.9018177539110184,0.16273804855934487,1.455426174139445,0.11419140020271748
0.3975272362586111,1.6129892802888397,0.785659928186114,-1.9435346535445972
0.37533043953590095,0.19899319065734744,10.032307105647037,-0.9535036007865014
0.6945878292899579,0.7619348642927529,2.7447237686433783,0.2582098454748351
0.6443833652883768,2.150647925632889e-4,5.564242136357989,-0.4708804183280565
